Country;End use;Product;2000;2005;2010;2015;2016;2017;2018;2019;2020;2021
Australia;Total Services;Oil and oil products (MtCO2)                           ;1,27;1,50;1,90;2,38;2,18;2,25;2,25;1,99;2,01;2,08
Australia;Total Services;Gas (MtCO2)                                            ;2,52;2,25;2,46;2,28;2,24;2,27;2,30;2,31;2,18;2,26
Australia;Total Services;Coal and coal products (MtCO2)                         ;0,10;0,26;0,11;0,02;0,03;0,05;0,05;0,06;0,08;0,02
Australia;Total Services;Biofuels and waste (MtCO2)                             ;0;0;0;0;0;0;0;0;0;0
Australia;Total Services;Heat (MtCO2)                                           ;0;0;0;0;0;0;0;0;0;0
Australia;Total Services;Electricity (MtCO2)                                    ;39,95;54,94;59,55;61,27;60,75;59,35;57,25;54,66;50,56;45,76
Australia;Total Services;Other sources (MtCO2)                                  ;0;0;0;0;0;0;0;0;0;0
Australia;Total Services;Total final emissions (MtCO2)                          ;43,84;58,95;64,02;65,94;65,19;63,92;61,85;59,01;54,83;50,12
Australia;Services space heating;Total final emissions (MtCO2)                  ;..;..;..;..;..;..;..;..;..;..
Australia;Services space cooling;Total final emissions (MtCO2)                  ;..;..;..;..;..;..;..;..;..;..
Australia;Services lighting;Total final emissions (MtCO2)                       ;..;..;..;..;..;..;..;..;..;..
Austria;Total Services;Oil and oil products (MtCO2)                             ;1,36;2,09;0,77;0,54;0,49;0,66;0,58;0,55;0,53;0,71
Austria;Total Services;Gas (MtCO2)                                              ;1,31;1,30;0,96;0,85;0,80;0,84;0,80;0,85;0,82;0,88
Austria;Total Services;Coal and coal products (MtCO2)                           ;0,11;0,07;0,02;0;0;0;0;0;0;0
Austria;Total Services;Biofuels and waste (MtCO2)                               ;0,08;0,15;0,01;0;0;0;0;0;0;0
Austria;Total Services;Heat (MtCO2)                                             ;1,45;1,59;1,59;1,35;1,42;1,47;1,26;1,33;1,17;1,22
Austria;Total Services;Electricity (MtCO2)                                      ;2,26;3,08;2,57;1,90;1,68;1,98;1,84;1,83;1,48;1,57
Austria;Total Services;Other sources (MtCO2)                                    ;0;0;0;0;0;0;0;0;0;0
Austria;Total Services;Total final emissions (MtCO2)                            ;6,49;8,12;5,92;4,65;4,40;4,96;4,48;4,56;3,99;4,39
Austria;Services space heating;Total final emissions (MtCO2)                    ;4,23;5,18;3,52;2,83;2,78;3,08;2,73;2,82;2,54;2,84
Austria;Services space cooling;Total final emissions (MtCO2)                    ;..;..;..;..;..;..;..;..;..;..
Austria;Services lighting;Total final emissions (MtCO2)                         ;..;..;..;..;..;..;..;..;..;..
Belgium;Total Services;Oil and oil products (MtCO2)                             ;2,65;3,84;3,10;2,64;2,39;2,39;2,33;2,19;2,23;1,89
Belgium;Total Services;Gas (MtCO2)                                              ;3,63;3,72;4,71;4,16;4,40;4,37;4,42;4,42;4,11;4,66
Belgium;Total Services;Coal and coal products (MtCO2)                           ;0;0;0;0;0;0;0;0;0;0
Belgium;Total Services;Biofuels and waste (MtCO2)                               ;0;0,03;0;0,17;0,17;0,17;0,17;0,17;0,17;0,17
Belgium;Total Services;Heat (MtCO2)                                             ;0,04;0,17;0,13;0,19;0,16;0,15;0,16;0,16;0,18;0,19
Belgium;Total Services;Electricity (MtCO2)                                      ;3,83;5,95;5,38;4,03;3,73;3,75;3,77;3,95;3,67;3,31
Belgium;Total Services;Other sources (MtCO2)                                    ;0;0;0;0;0;0;0;0;0;0
Belgium;Total Services;Total final emissions (MtCO2)                            ;10,14;13,69;13,33;11,02;10,68;10,66;10,68;10,72;10,19;10,05
Belgium;Services space heating;Total final emissions (MtCO2)                    ;..;..;..;..;..;..;..;..;..;..
Belgium;Services space cooling;Total final emissions (MtCO2)                    ;..;..;..;..;..;..;..;..;..;..
Belgium;Services lighting;Total final emissions (MtCO2)                         ;..;..;..;..;..;..;..;..;..;..
Canada;Total Services;Oil and oil products (MtCO2)                              ;7,13;6,75;4,14;4,66;4,22;4,15;3,84;3,94;3,54;3,43
Canada;Total Services;Gas (MtCO2)                                               ;25,45;25,49;24,25;25,60;27,09;29,35;31,14;32,87;31,92;31,47
Canada;Total Services;Coal and coal products (MtCO2)                            ;0;0;0;0;0;0;0;0;0;0
Canada;Total Services;Biofuels and waste (MtCO2)                                ;0;0;0;0;0;0;0;0;0;0
Canada;Total Services;Heat (MtCO2)                                              ;0,02;0,10;0;0,11;0,08;0,06;0,08;0,02;0,02;0,03
Canada;Total Services;Electricity (MtCO2)                                       ;30,70;28,27;27,91;25,49;25,42;25,45;23,47;23,04;20,62;20,05
Canada;Total Services;Other sources (MtCO2)                                     ;0;0;0;0;0;0;0;0;0;0
Canada;Total Services;Total final emissions (MtCO2)                             ;63,30;60,61;56,29;55,86;56,80;59,00;58,52;59,86;56,10;54,98
Canada;Services space heating;Total final emissions (MtCO2)                     ;33,50;31,49;27,99;29,93;31,31;33,02;33,99;35,83;34,10;33,26
Canada;Services space cooling;Total final emissions (MtCO2)                     ;3,63;4,72;3,60;3,06;3,12;2,91;2,87;2,29;2,18;2,19
Canada;Services lighting;Total final emissions (MtCO2)                          ;10,96;9,89;9,55;8,35;7,83;8,05;7,33;7,47;6,76;6,60
Czech Republic;Total Services;Oil and oil products (MtCO2)                      ;0,02;0,04;0,06;0,08;0,08;0,08;0,06;0,06;0,07;0,08
Czech Republic;Total Services;Gas (MtCO2)                                       ;2,59;2,99;3,03;2,53;2,65;2,80;2,60;2,75;2,48;2,35
Czech Republic;Total Services;Coal and coal products (MtCO2)                    ;1,03;0,32;0,17;0,10;0,14;0,13;0,10;0,13;0,09;0,11
Czech Republic;Total Services;Biofuels and waste (MtCO2)                        ;0,04;0,08;0,13;0,16;0,15;0,15;0,15;0,17;0,15;0,16
Czech Republic;Total Services;Heat (MtCO2)                                      ;2,75;2,92;2,99;2,39;2,52;2,42;2,42;2,29;2,14;2,27
Czech Republic;Total Services;Electricity (MtCO2)                               ;12,18;11,90;13,24;11,39;11,61;11,37;11,53;10,60;8,69;8,83
Czech Republic;Total Services;Other sources (MtCO2)                             ;0;0;0;0;0;0;0;0;0;0
Czech Republic;Total Services;Total final emissions (MtCO2)                     ;18,58;18,17;19,49;16,50;17,00;16,80;16,71;15,83;13,47;13,62
Czech Republic;Services space heating;Total final emissions (MtCO2)             ;..;..;..;..;..;..;..;..;..;..
Czech Republic;Services space cooling;Total final emissions (MtCO2)             ;..;..;..;..;..;..;..;..;..;..
Czech Republic;Services lighting;Total final emissions (MtCO2)                  ;..;..;..;..;..;..;..;..;..;..
Denmark;Total Services;Oil and oil products (MtCO2)                             ;0,42;0,33;0,23;0,19;0,19;0,17;0,19;0,10;0,11;0,09
Denmark;Total Services;Gas (MtCO2)                                              ;0,38;0,52;0,53;0,41;0,43;0,46;0,44;0,47;0,45;0,60
Denmark;Total Services;Coal and coal products (MtCO2)                           ;0;0;0;0;0;0;0;0;0;0
Denmark;Total Services;Biofuels and waste (MtCO2)                               ;0,06;0,06;0,02;0,01;0,02;0,03;0,03;0,03;0,02;0,02
Denmark;Total Services;Heat (MtCO2)                                             ;2,20;2,23;2,40;1,67;1,66;1,42;1,33;1,16;0,90;0,95
Denmark;Total Services;Electricity (MtCO2)                                      ;4,91;4,15;4,62;1,61;2,02;1,53;1,60;0,86;0,78;1,04
Denmark;Total Services;Other sources (MtCO2)                                    ;0;0;0;0;0;0;0;0;0;0
Denmark;Total Services;Total final emissions (MtCO2)                            ;7,91;7,23;7,79;3,87;4,30;3,57;3,56;2,59;2,23;2,68
Denmark;Services space heating;Total final emissions (MtCO2)                    ;3,02;3,09;3,21;2,23;2,24;1,99;1,90;1,63;1,36;1,49
Denmark;Services space cooling;Total final emissions (MtCO2)                    ;..;..;..;..;..;..;..;..;..;..
Denmark;Services lighting;Total final emissions (MtCO2)                         ;..;..;..;..;..;..;..;..;..;..
Estonia;Total Services;Oil and oil products (MtCO2)                             ;0,17;0,14;0,09;0,10;0,08;0,09;0,09;0,06;0,06;0,06
Estonia;Total Services;Gas (MtCO2)                                              ;0,03;0,11;0,07;0,16;0,19;0,17;0,18;0,17;0,18;0,19
Estonia;Total Services;Coal and coal products (MtCO2)                           ;0,02;0,03;0,01;0;0,01;0;0;0;0;0
Estonia;Total Services;Biofuels and waste (MtCO2)                               ;0;0;0;0;0;0;0;0;0;0
Estonia;Total Services;Heat (MtCO2)                                             ;0,35;0,35;0,38;0,24;0,22;0,23;0,25;0,17;0,13;0,16
Estonia;Total Services;Electricity (MtCO2)                                      ;2,43;3,18;4,34;3,55;4,13;4,08;3,84;1,87;1,11;1,68
Estonia;Total Services;Other sources (MtCO2)                                    ;0;0;0;0;0;0;0;0;0;0
Estonia;Total Services;Total final emissions (MtCO2)                            ;3,00;3,81;4,89;4,06;4,63;4,58;4,36;2,28;1,49;2,09
Estonia;Services space heating;Total final emissions (MtCO2)                    ;..;..;..;..;..;..;..;..;..;..
Estonia;Services space cooling;Total final emissions (MtCO2)                    ;..;..;..;..;..;..;..;..;..;..
Estonia;Services lighting;Total final emissions (MtCO2)                         ;..;..;..;..;..;..;..;..;..;..
Finland;Total Services;Oil and oil products (MtCO2)                             ;1,06;0,97;0,91;0,69;0,78;0,78;0,81;0,81;0,73;0,84
Finland;Total Services;Gas (MtCO2)                                              ;0,06;0,07;0,07;0,07;0,07;0,07;0,06;0,06;0,06;0,07
Finland;Total Services;Coal and coal products (MtCO2)                           ;0,01;0,01;0,01;0,01;0,01;0,01;0,01;0,01;0,01;0,01
Finland;Total Services;Biofuels and waste (MtCO2)                               ;0,02;0,03;0,01;0,01;0,01;0,01;0,01;0,01;0,01;0,01
Finland;Total Services;Heat (MtCO2)                                             ;2,33;2,55;3,18;2,15;2,39;2,31;2,45;2,28;1,80;1,85
Finland;Total Services;Electricity (MtCO2)                                      ;2,25;2,35;4,13;1,67;1,70;1,58;1,80;1,37;1,08;1,17
Finland;Total Services;Other sources (MtCO2)                                    ;0;0;0;0;0;0;0;0;0;0
Finland;Total Services;Total final emissions (MtCO2)                            ;5,70;5,95;8,30;4,59;4,95;4,74;5,14;4,53;3,68;3,94
Finland;Services space heating;Total final emissions (MtCO2)                    ;3,12;3,26;3,94;2,62;2,93;2,84;3,02;2,83;2,31;2,49
Finland;Services space cooling;Total final emissions (MtCO2)                    ;..;..;..;..;..;..;..;..;..;..
Finland;Services lighting;Total final emissions (MtCO2)                         ;..;..;..;..;..;..;..;..;..;..
France;Total Services;Oil and oil products (MtCO2)                              ;13,25;12,39;10,56;8,29;7,66;7,97;7,38;7,21;7,36;6,42
France;Total Services;Gas (MtCO2)                                               ;12,53;14,43;16,78;13,74;13,97;14,44;14,23;14,04;12,45;14,90
France;Total Services;Coal and coal products (MtCO2)                            ;1,04;0,59;0,52;0,21;0,22;0,17;0,17;0,18;0,16;0,14
France;Total Services;Biofuels and waste (MtCO2)                                ;0,58;0,24;0,45;0,22;0,26;0,31;0,24;0,25;0,32;0,43
France;Total Services;Heat (MtCO2)                                              ;1,65;2,29;2,38;1,54;1,62;1,61;1,52;1,48;1,60;1,63
France;Total Services;Electricity (MtCO2)                                       ;11,14;12,80;13,80;10,34;10,72;12,21;9,89;9,52;8,14;8,56
France;Total Services;Other sources (MtCO2)                                     ;0;0;0;0;0;0;0;0;0;0
France;Total Services;Total final emissions (MtCO2)                             ;39,61;42,51;44,05;34,11;34,20;36,39;33,19;32,43;29,72;31,66
France;Services space heating;Total final emissions (MtCO2)                     ;22,92;24,84;26,21;18,36;18,69;19,33;18,03;17,57;15,72;18,23
France;Services space cooling;Total final emissions (MtCO2)                     ;1,26;1,58;1,88;1,70;1,77;2,05;1,69;1,67;1,66;1,41
France;Services lighting;Total final emissions (MtCO2)                          ;..;..;..;..;..;..;..;..;..;..
Germany;Total Services;Oil and oil products (MtCO2)                             ;17,05;18,92;14,16;10,88;10,86;10,47;8,18;8,45;10,80;9,65
Germany;Total Services;Gas (MtCO2)                                              ;23,46;19,31;22,27;20,32;20,08;19,63;18,37;19,27;18,51;21,03
Germany;Total Services;Coal and coal products (MtCO2)                           ;1,43;0,82;1,18;0;0;0;0;0;0;0
Germany;Total Services;Biofuels and waste (MtCO2)                               ;0;0,01;0,02;0;0;0;0;0;0;0
Germany;Total Services;Heat (MtCO2)                                             ;7,55;16,79;11,64;5,04;3,88;4,20;1,93;3,01;2,14;2,76
Germany;Total Services;Electricity (MtCO2)                                      ;81,69;71,11;75,32;68,46;68,79;67,47;61,44;50,22;41,39;49,59
Germany;Total Services;Other sources (MtCO2)                                    ;0;0;0;0;0;0;0;0;0;0
Germany;Total Services;Total final emissions (MtCO2)                            ;131,19;126,94;124,56;104,71;103,60;101,78;89,91;80,95;72,84;83,04
Germany;Services space heating;Total final emissions (MtCO2)                    ;..;49,45;40,18;36,73;35,48;35,87;29,35;30,30;30,76;32,67
Germany;Services space cooling;Total final emissions (MtCO2)                    ;..;0,92;1,43;4,80;4,79;4,52;4,31;3,51;2,87;3,42
Germany;Services lighting;Total final emissions (MtCO2)                         ;..;29,05;27,42;23,75;23,87;22,35;21,20;17,37;14,28;17,28
Greece;Total Services;Oil and oil products (MtCO2)                              ;0,75;1,35;0,77;0,34;0,52;0,35;0,34;0,36;0,25;0,28
Greece;Total Services;Gas (MtCO2)                                               ;0,02;0,17;0,33;0,39;0,35;0,35;0,34;0,36;0,32;0,34
Greece;Total Services;Coal and coal products (MtCO2)                            ;0;0;0;0;0;0;0;0;0;0
Greece;Total Services;Biofuels and waste (MtCO2)                                ;0;0;0;0;0;0;0;0;0;0
Greece;Total Services;Heat (MtCO2)                                              ;0;0;0;0;0;0;0;0;0;0
Greece;Total Services;Electricity (MtCO2)                                       ;12,15;14,61;13,62;10,34;10,00;10,34;10,09;8,33;5,74;6,10
Greece;Total Services;Other sources (MtCO2)                                     ;0;0;0;0;0;0;0;0;0;0
Greece;Total Services;Total final emissions (MtCO2)                             ;12,92;16,14;14,71;11,07;10,87;11,05;10,77;9,05;6,31;6,72
Greece;Services space heating;Total final emissions (MtCO2)                     ;..;..;..;..;..;..;..;..;..;..
Greece;Services space cooling;Total final emissions (MtCO2)                     ;..;..;..;..;..;..;..;..;..;..
Greece;Services lighting;Total final emissions (MtCO2)                          ;..;..;..;..;..;..;..;..;..;..
Hungary;Total Services;Oil and oil products (MtCO2)                             ;0,19;0,10;0,06;0,12;0,10;0,09;0,10;0,09;0,10;0,09
Hungary;Total Services;Gas (MtCO2)                                              ;4,16;5,36;4,03;2,96;2,88;2,75;2,59;2,49;2,50;2,61
Hungary;Total Services;Coal and coal products (MtCO2)                           ;0,10;0,01;0,01;0,01;0,01;0,01;0,01;0,01;0;0
Hungary;Total Services;Biofuels and waste (MtCO2)                               ;0;0;0;0,03;0,02;0,02;0,03;0,03;0,03;0,02
Hungary;Total Services;Heat (MtCO2)                                             ;0,90;0,81;0,79;0,55;0,53;0,56;0,55;0,51;0,51;0,50
Hungary;Total Services;Electricity (MtCO2)                                      ;4,78;3,76;3,76;1,76;1,83;1,84;1,70;1,62;1,47;1,29
Hungary;Total Services;Other sources (MtCO2)                                    ;0;0;0;0;0;0;0;0;0;0
Hungary;Total Services;Total final emissions (MtCO2)                            ;10,14;10,02;8,64;5,40;5,35;5,23;4,95;4,71;4,58;4,50
Hungary;Services space heating;Total final emissions (MtCO2)                    ;..;..;..;..;..;..;..;..;..;..
Hungary;Services space cooling;Total final emissions (MtCO2)                    ;..;..;..;..;..;..;..;..;..;..
Hungary;Services lighting;Total final emissions (MtCO2)                         ;..;..;..;..;..;..;..;..;..;..
Ireland;Total Services;Oil and oil products (MtCO2)                             ;1,16;0,97;0,70;0,73;0,67;0,65;0,71;0,65;0,67;0,66
Ireland;Total Services;Gas (MtCO2)                                              ;0,69;0,63;0,70;0,74;0,74;0,71;0,77;0,79;0,82;0,79
Ireland;Total Services;Coal and coal products (MtCO2)                           ;0,02;0,11;0,01;0;0;0;0;0;0;0
Ireland;Total Services;Biofuels and waste (MtCO2)                               ;0;0;0;0;0;0;0;0;0;0
Ireland;Total Services;Heat (MtCO2)                                             ;0;0;0;0;0;0;0;0;0;0
Ireland;Total Services;Electricity (MtCO2)                                      ;4,22;5,26;5,08;4,88;5,23;4,85;4,60;4,10;3,83;4,65
Ireland;Total Services;Other sources (MtCO2)                                    ;0;0;0;0;0;0;0;0;0;0
Ireland;Total Services;Total final emissions (MtCO2)                            ;6,08;6,97;6,50;6,35;6,65;6,21;6,08;5,55;5,32;6,10
Ireland;Services space heating;Total final emissions (MtCO2)                    ;..;..;..;..;..;..;..;..;..;..
Ireland;Services space cooling;Total final emissions (MtCO2)                    ;..;..;..;..;..;..;..;..;..;..
Ireland;Services lighting;Total final emissions (MtCO2)                         ;..;..;..;..;..;..;..;..;..;..
Italy;Total Services;Oil and oil products (MtCO2)                               ;3,42;3,50;2,40;1,56;1,53;1,48;1,48;1,41;1,39;1,52
Italy;Total Services;Gas (MtCO2)                                                ;13,09;17,46;20,23;15,26;15,37;15,48;17,03;16,64;15,71;16,68
Italy;Total Services;Coal and coal products (MtCO2)                             ;0,02;0;0;0;0;0;0;0;0;0
Italy;Total Services;Biofuels and waste (MtCO2)                                 ;0;0;0;0;0;0;0;0;0;0
Italy;Total Services;Heat (MtCO2)                                               ;0;0,20;0,13;0,54;0,60;0,74;0,89;0,71;0,69;0,88
Italy;Total Services;Electricity (MtCO2)                                        ;27,49;34,75;33,84;29,88;29,56;29,65;27,52;24,60;19,56;21,47
Italy;Total Services;Other sources (MtCO2)                                      ;0;0;0;0;0;0;0;0;0;0
Italy;Total Services;Total final emissions (MtCO2)                              ;44,02;55,91;56,61;47,24;47,05;47,36;46,91;43,36;37,36;40,55
Italy;Services space heating;Total final emissions (MtCO2)                      ;15,28;19,28;20,15;15,38;15,45;15,46;16,40;15,81;14,64;15,73
Italy;Services space cooling;Total final emissions (MtCO2)                      ;3,91;5,11;5,16;4,57;4,52;4,93;4,27;4,02;2,99;3,44
Italy;Services lighting;Total final emissions (MtCO2)                           ;7,24;7,73;7,64;4,97;4,62;4,53;4,18;3,59;2,82;3,19
Japan;Total Services;Oil and oil products (MtCO2)                               ;39,93;33,83;20,42;13,82;14,07;13,97;12,98;12,09;12,22;12,03
Japan;Total Services;Gas (MtCO2)                                                ;18,94;21,55;21,54;19,98;21,36;21,68;21,35;20,74;20,04;20,39
Japan;Total Services;Coal and coal products (MtCO2)                             ;3,55;3,59;2,38;2,51;2,46;2,49;2,59;2,58;2,38;2,24
Japan;Total Services;Biofuels and waste (MtCO2)                                 ;0,07;1,99;2,32;1,88;1,91;1,99;2,05;2,08;2,08;2,08
Japan;Total Services;Heat (MtCO2)                                               ;1,15;1,27;1,07;0,87;0,91;0,90;0,85;0,80;0,76;0,76
Japan;Total Services;Electricity (MtCO2)                                        ;112,91;123,30;136,16;162,00;165,58;160,38;155,42;150,65;145,64;144,66
Japan;Total Services;Other sources (MtCO2)                                      ;0;0;0;0;0;0;0;0;0;0
Japan;Total Services;Total final emissions (MtCO2)                              ;176,48;183,54;181,58;199,19;204,37;199,42;193,18;186,86;181,03;180,09
Japan;Services space heating;Total final emissions (MtCO2)                      ;31,84;30,67;22,33;19,63;20,02;20,50;18,24;17,46;17,36;17,78
Japan;Services space cooling;Total final emissions (MtCO2)                      ;17,95;20,38;22,88;23,75;25,34;24,21;24,71;23,79;22,99;22,54
Japan;Services lighting;Total final emissions (MtCO2)                           ;..;..;..;..;..;..;..;..;..;..
Korea;Total Services;Oil and oil products (MtCO2)                               ;27,06;17,07;10,00;6,79;6,78;5,43;5,25;4,61;6,08;4,67
Korea;Total Services;Gas (MtCO2)                                                ;4,24;7,27;8,28;8,81;9,31;9,63;9,65;9,39;8,33;8,52
Korea;Total Services;Coal and coal products (MtCO2)                             ;0;0;0;0;0;0;0;0;0;0
Korea;Total Services;Biofuels and waste (MtCO2)                                 ;0;0,38;1,70;1,61;1,97;2,15;2,24;2,13;2,12;2,07
Korea;Total Services;Heat (MtCO2)                                               ;0,32;0,64;0,79;0,91;1,02;1,14;1,21;1,08;1,06;0,99
Korea;Total Services;Electricity (MtCO2)                                        ;37,52;60,97;87,42;86,93;90,37;91,77;94,56;90,51;80,79;82,43
Korea;Total Services;Other sources (MtCO2)                                      ;0;0;0;0;0;0;0;0;0;0
Korea;Total Services;Total final emissions (MtCO2)                              ;69,15;85,95;106,49;103,44;107,49;107,97;110,67;105,60;96,26;96,60
Korea;Services space heating;Total final emissions (MtCO2)                      ;26,85;26,89;32,99;27,87;28,34;28,02;28,77;27,82;26,93;27,85
Korea;Services space cooling;Total final emissions (MtCO2)                      ;8,71;13,96;24,69;28,40;30,02;31,06;32,63;31,99;29,44;30,94
Korea;Services lighting;Total final emissions (MtCO2)                           ;6,93;7,78;13,61;16,71;17,62;17,96;18,42;17,42;15,29;15,25
Lithuania;Total Services;Oil and oil products (MtCO2)                           ;0,06;0,02;0,01;0,01;0,01;0,01;0,01;0,01;0,01;0,01
Lithuania;Total Services;Gas (MtCO2)                                            ;0,07;0,12;0,16;0,14;0,15;0,16;0,17;0,17;0,16;0,17
Lithuania;Total Services;Coal and coal products (MtCO2)                         ;0,18;0,20;0,20;0,13;0,15;0,16;0,17;0,14;0,09;0,11
Lithuania;Total Services;Biofuels and waste (MtCO2)                             ;0;0;0;0;0;0;0;0;0;0
Lithuania;Total Services;Heat (MtCO2)                                           ;0,56;0,49;0,46;0,19;0,18;0,17;0,18;0,13;0,13;0,19
Lithuania;Total Services;Electricity (MtCO2)                                    ;0,30;0,44;0,52;0,24;0,15;0,09;0,06;0,07;0,21;0,17
Lithuania;Total Services;Other sources (MtCO2)                                  ;0;0;0;0;0;0;0;0;0;0
Lithuania;Total Services;Total final emissions (MtCO2)                          ;1,17;1,28;1,35;0,71;0,65;0,59;0,59;0,51;0,60;0,65
Lithuania;Services space heating;Total final emissions (MtCO2)                  ;..;..;..;..;..;..;..;..;..;..
Lithuania;Services space cooling;Total final emissions (MtCO2)                  ;..;..;..;..;..;..;..;..;..;..
Lithuania;Services lighting;Total final emissions (MtCO2)                       ;..;..;..;..;..;..;..;..;..;..
Luxembourg;Total Services;Oil and oil products (MtCO2)                          ;0,19;0,18;0,18;0,24;0,23;0,33;0,33;0,41;0,37;0,35
Luxembourg;Total Services;Gas (MtCO2)                                           ;0,35;0,23;0,32;0,24;0,27;0,21;0,24;0,25;0,18;0,30
Luxembourg;Total Services;Coal and coal products (MtCO2)                        ;0;0;0;0;0;0;0;0;0;0
Luxembourg;Total Services;Biofuels and waste (MtCO2)                            ;0;0;0;0;0;0;0;0;0;0
Luxembourg;Total Services;Heat (MtCO2)                                          ;0,03;0,16;0,15;0,11;0,11;0,11;0,10;0,09;0,09;0,11
Luxembourg;Total Services;Electricity (MtCO2)                                   ;0,06;0,33;0,33;0,11;0,04;0,05;0,05;0,05;0,04;0,04
Luxembourg;Total Services;Other sources (MtCO2)                                 ;0;0;0;0;0;0;0;0;0;0
Luxembourg;Total Services;Total final emissions (MtCO2)                         ;0,63;0,90;0,98;0,71;0,66;0,71;0,71;0,80;0,69;0,80
Luxembourg;Services space heating;Total final emissions (MtCO2)                 ;..;..;..;..;..;..;..;..;..;..
Luxembourg;Services space cooling;Total final emissions (MtCO2)                 ;..;..;..;..;..;..;..;..;..;..
Luxembourg;Services lighting;Total final emissions (MtCO2)                      ;..;..;..;..;..;..;..;..;..;..
Mexico;Total Services;Oil and oil products (MtCO2)                              ;4,19;4,01;4,26;4,37;4,26;4,09;4,01;3,92;3,80;3,69
Mexico;Total Services;Gas (MtCO2)                                               ;0,35;0,41;0,50;0,67;0,73;0,61;0,62;0,55;0,48;0,60
Mexico;Total Services;Coal and coal products (MtCO2)                            ;0;0;0;0;0;0;0;0;0;0
Mexico;Total Services;Biofuels and waste (MtCO2)                                ;0;0;0;0;0;0;0;0;0;0
Mexico;Total Services;Heat (MtCO2)                                              ;0;0;0;0;0;0;0;0;0;0
Mexico;Total Services;Electricity (MtCO2)                                       ;14,40;13,54;13,06;12,99;13,08;13,19;11,35;12,65;9,65;11,36
Mexico;Total Services;Other sources (MtCO2)                                     ;0;0;0;0;0;0;0;0;0;0
Mexico;Total Services;Total final emissions (MtCO2)                             ;18,93;17,95;17,82;18,03;18,07;17,88;15,97;17,12;13,93;15,65
Mexico;Services space heating;Total final emissions (MtCO2)                     ;..;..;..;..;..;..;..;..;..;..
Mexico;Services space cooling;Total final emissions (MtCO2)                     ;..;..;..;..;..;..;..;..;..;..
Mexico;Services lighting;Total final emissions (MtCO2)                          ;..;..;..;..;..;..;..;..;..;..
Netherlands;Total Services;Oil and oil products (MtCO2)                         ;0,58;0,67;0,68;0,62;0,60;0,62;0,69;0,77;0,68;0,68
Netherlands;Total Services;Gas (MtCO2)                                          ;7,58;8,28;9,48;7,31;7,35;7,29;7,06;6,52;5,86;6,36
Netherlands;Total Services;Coal and coal products (MtCO2)                       ;0;0;0,02;0,02;0,02;0,02;0,02;0,02;0,02;0,02
Netherlands;Total Services;Biofuels and waste (MtCO2)                           ;0,12;0,18;0,22;0,14;0,08;0,11;0,15;0,15;0,14;0,13
Netherlands;Total Services;Heat (MtCO2)                                         ;0,90;0,76;1,01;0,36;0,45;0,59;0,52;0,61;0,54;0,48
Netherlands;Total Services;Electricity (MtCO2)                                  ;13,08;14,88;16,43;18,17;17,65;16,86;15,56;14,35;12,00;12,17
Netherlands;Total Services;Other sources (MtCO2)                                ;0;0;0;0;0;0;0;0;0;0
Netherlands;Total Services;Total final emissions (MtCO2)                        ;22,15;24,59;27,61;26,48;26,07;25,38;23,86;22,26;19,10;19,71
Netherlands;Services space heating;Total final emissions (MtCO2)                ;9,59;10,25;11,76;9,44;9,57;9,79;9,54;9,15;8,27;8,66
Netherlands;Services space cooling;Total final emissions (MtCO2)                ;3,07;3,49;3,85;4,47;4,43;4,38;4,13;3,79;3,15;3,15
Netherlands;Services lighting;Total final emissions (MtCO2)                     ;5,65;6,43;7,10;7,64;7,37;6,98;6,37;5,62;4,71;4,75
New Zealand;Total Services;Oil and oil products (MtCO2)                         ;0,36;0,46;0,38;0,44;0,48;0,56;0,50;0,74;0,75;0,78
New Zealand;Total Services;Gas (MtCO2)                                          ;0,35;0,43;0,38;0,51;0,45;0,45;0,48;0,48;0,44;0,43
New Zealand;Total Services;Coal and coal products (MtCO2)                       ;0,12;0,13;0,14;0,10;0,11;0,10;0,08;0,09;0,06;0,05
New Zealand;Total Services;Biofuels and waste (MtCO2)                           ;0;0;0;0;0;0;0;0;0;0
New Zealand;Total Services;Heat (MtCO2)                                         ;0;0;0;0;0;0;0;0;0;0
New Zealand;Total Services;Electricity (MtCO2)                                  ;1,32;2,23;1,54;1,28;1,04;1,20;1,15;1,30;1,33;1,41
New Zealand;Total Services;Other sources (MtCO2)                                ;0;0;0;0;0;0;0;0;0;0
New Zealand;Total Services;Total final emissions (MtCO2)                        ;2,15;3,25;2,44;2,33;2,09;2,31;2,21;2,60;2,59;2,67
New Zealand;Services space heating;Total final emissions (MtCO2)                ;0,81;1,11;0,90;0,92;0,85;0,89;0,86;1,00;1,00;..
New Zealand;Services space cooling;Total final emissions (MtCO2)                ;0,10;0,18;0,12;0,10;0,08;0,10;0,09;0,10;0,11;..
New Zealand;Services lighting;Total final emissions (MtCO2)                     ;0,30;0,52;0,36;0,30;0,24;0,28;0,27;0,30;0,31;..
Norway;Total Services;Oil and oil products (MtCO2)                              ;0,74;0,67;1,00;0,80;0,98;0,95;1,01;0,95;0,85;0,84
Norway;Total Services;Gas (MtCO2)                                               ;0;0,02;0,05;0,06;0,06;0,06;0,04;0,09;0,05;0,03
Norway;Total Services;Coal and coal products (MtCO2)                            ;0;0;0;0;0;0;0;0;0;0
Norway;Total Services;Biofuels and waste (MtCO2)                                ;0;0,03;0,01;0,04;0,06;0,06;0,07;0,07;0,07;0,07
Norway;Total Services;Heat (MtCO2)                                              ;0,22;0,27;0,37;0,39;0,40;0,42;0,44;0,42;0,37;0,41
Norway;Total Services;Electricity (MtCO2)                                       ;0,03;0,06;0,47;0,34;0,32;0,33;0,33;0,32;0,24;0,20
Norway;Total Services;Other sources (MtCO2)                                     ;0;0;0;0;0;0;0;0;0;0
Norway;Total Services;Total final emissions (MtCO2)                             ;0,99;1,02;1,89;1,58;1,76;1,76;1,82;1,78;1,51;1,48
Norway;Services space heating;Total final emissions (MtCO2)                     ;..;..;..;..;..;..;..;..;..;..
Norway;Services space cooling;Total final emissions (MtCO2)                     ;..;..;..;..;..;..;..;..;..;..
Norway;Services lighting;Total final emissions (MtCO2)                          ;..;..;..;..;..;..;..;..;..;..
Poland;Total Services;Oil and oil products (MtCO2)                              ;1,19;1,26;2,23;1,26;1,27;1,33;1,35;1,23;1,17;1,28
Poland;Total Services;Gas (MtCO2)                                               ;2,16;3,84;4,68;4,03;4,54;3,41;3,16;3,17;2,69;3,78
Poland;Total Services;Coal and coal products (MtCO2)                            ;2,18;2,68;3,64;2,57;2,66;2,60;2,49;2,03;2,04;2,53
Poland;Total Services;Biofuels and waste (MtCO2)                                ;0;0;0;0,03;0,04;0,03;0,03;0,02;0,06;0,08
Poland;Total Services;Heat (MtCO2)                                              ;3,67;4,75;5,96;4,58;5,33;5,71;5,03;5,07;5,04;4,51
Poland;Total Services;Electricity (MtCO2)                                       ;32,27;37,49;42,37;39,26;39,75;38,73;39,06;35,05;32,03;38,78
Poland;Total Services;Other sources (MtCO2)                                     ;0;0;0;0;0;0;0;0;0;0
Poland;Total Services;Total final emissions (MtCO2)                             ;41,48;50,03;58,87;51,70;53,56;51,77;51,09;46,55;42,97;50,89
Poland;Services space heating;Total final emissions (MtCO2)                     ;..;..;..;..;..;..;..;..;..;..
Poland;Services space cooling;Total final emissions (MtCO2)                     ;..;..;..;..;..;..;..;..;..;..
Poland;Services lighting;Total final emissions (MtCO2)                          ;..;..;..;..;..;..;..;..;..;..
Portugal;Total Services;Oil and oil products (MtCO2)                            ;1,02;2,43;0,72;0,48;0,42;0,40;0,46;0,47;0,34;0,31
Portugal;Total Services;Gas (MtCO2)                                             ;0,13;0,32;0,46;0,55;0,59;0,60;0,61;0,58;0,47;0,56
Portugal;Total Services;Coal and coal products (MtCO2)                          ;0,03;0;0;0;0;0;0;0;0;0
Portugal;Total Services;Biofuels and waste (MtCO2)                              ;0;0;0;0;0;0;0;0;0;0
Portugal;Total Services;Heat (MtCO2)                                            ;0,01;0,03;0,05;0,06;0,06;0,07;0,07;0,06;0,06;0,06
Portugal;Total Services;Electricity (MtCO2)                                     ;6,20;7,46;4,48;6,52;5,87;7,09;5,90;4,09;2,99;2,27
Portugal;Total Services;Other sources (MtCO2)                                   ;0;0;0;0;0;0;0;0;0;0
Portugal;Total Services;Total final emissions (MtCO2)                           ;7,40;10,24;5,71;7,61;6,94;8,16;7,04;5,20;3,86;3,21
Portugal;Services space heating;Total final emissions (MtCO2)                   ;..;3,04;1,30;1,13;1,06;1,15;1,07;0,90;0,77;0,74
Portugal;Services space cooling;Total final emissions (MtCO2)                   ;..;0,99;0,60;0,82;0,76;0,93;0,78;0,58;0,46;0,35
Portugal;Services lighting;Total final emissions (MtCO2)                        ;..;2,66;1,60;1,79;1,58;1,81;1,38;0,97;0,52;0,39
Slovak Republic;Total Services;Oil and oil products (MtCO2)                     ;0,04;0,14;0,05;0,04;0,03;0,02;0,02;0,02;0,02;0,02
Slovak Republic;Total Services;Gas (MtCO2)                                      ;3,19;2,12;1,98;1,24;1,25;1,34;1,15;0,94;0,84;1,29
Slovak Republic;Total Services;Coal and coal products (MtCO2)                   ;0,81;0,13;1,11;0,45;0,23;0,29;0,33;0,50;0,20;0,29
Slovak Republic;Total Services;Biofuels and waste (MtCO2)                       ;0;0;0,03;0,05;0,01;0,04;0;0,04;0,05;0,05
Slovak Republic;Total Services;Heat (MtCO2)                                     ;0,87;0,85;0,92;0,09;0,30;0,27;0,25;0,23;0,21;0,27
Slovak Republic;Total Services;Electricity (MtCO2)                              ;1,81;1,80;1,76;1,22;1,12;1,24;1,16;0,98;1,00;1,09
Slovak Republic;Total Services;Other sources (MtCO2)                            ;0;0;0;0;0;0;0;0;0;0
Slovak Republic;Total Services;Total final emissions (MtCO2)                    ;6,72;5,03;5,83;3,04;2,93;3,17;2,91;2,67;2,27;2,96
Slovak Republic;Services space heating;Total final emissions (MtCO2)            ;..;..;..;..;..;..;..;..;..;..
Slovak Republic;Services space cooling;Total final emissions (MtCO2)            ;..;..;..;..;..;..;..;..;..;..
Slovak Republic;Services lighting;Total final emissions (MtCO2)                 ;..;..;..;..;..;..;..;..;..;..
Spain;Total Services;Oil and oil products (MtCO2)                               ;4,87;6,18;4,16;2,98;3,54;3,55;3,70;3,38;2,96;3,28
Spain;Total Services;Gas (MtCO2)                                                ;1,16;1,15;2,30;3,66;3,48;3,41;2,98;3,07;2,76;2,84
Spain;Total Services;Coal and coal products (MtCO2)                             ;0,05;0;0;0;0;0;0;0;0;0
Spain;Total Services;Biofuels and waste (MtCO2)                                 ;0;0;0;0,01;0,02;0,02;0,01;0,02;0,02;0,02
Spain;Total Services;Heat (MtCO2)                                               ;0;0;0;0;0;0;0;0;0;0
Spain;Total Services;Electricity (MtCO2)                                        ;22,95;27,91;21,54;23,12;19,13;22,73;20,34;16,24;11,79;12,13
Spain;Total Services;Other sources (MtCO2)                                      ;0;0;0;0;0;0;0;0;0;0
Spain;Total Services;Total final emissions (MtCO2)                              ;29,04;35,24;28,00;29,76;26,16;29,69;27,02;22,69;17,51;18,24
Spain;Services space heating;Total final emissions (MtCO2)                      ;7,35;7,68;7,92;8,10;8,09;8,26;7,67;7,16;6,13;6,51
Spain;Services space cooling;Total final emissions (MtCO2)                      ;9,17;12,33;7,64;8,08;6,73;8,07;7,39;5,84;4,22;4,40
Spain;Services lighting;Total final emissions (MtCO2)                           ;10,07;13,26;8,04;8,64;7,22;8,56;7,75;6,30;4,64;4,77
Sweden;Total Services;Oil and oil products (MtCO2)                              ;1,59;1,30;1,13;0,73;0,71;0,68;0,70;0,68;0,67;0,58
Sweden;Total Services;Gas (MtCO2)                                               ;0,08;0,18;0,21;0,22;0,22;0,22;0,18;0,25;0,24;0,22
Sweden;Total Services;Coal and coal products (MtCO2)                            ;0;0;0;0;0;0;0;0;0;0
Sweden;Total Services;Biofuels and waste (MtCO2)                                ;0;0;0;0;0;0;0;0;0;0
Sweden;Total Services;Heat (MtCO2)                                              ;1,64;1,92;2,10;1,51;1,69;1,65;1,67;1,35;1,38;1,37
Sweden;Total Services;Electricity (MtCO2)                                       ;0,64;0,63;0,76;0,35;0,37;0,40;0,43;0,43;0,33;0,39
Sweden;Total Services;Other sources (MtCO2)                                     ;0;0;0;0;0;0;0;0;0;0
Sweden;Total Services;Total final emissions (MtCO2)                             ;3,96;4,03;4,20;2,81;3,00;2,96;2,98;2,71;2,63;2,57
Sweden;Services space heating;Total final emissions (MtCO2)                     ;2,94;2,51;2,48;1,78;1,95;1,92;1,89;1,62;1,63;1,62
Sweden;Services space cooling;Total final emissions (MtCO2)                     ;0,03;0,03;0,03;0,02;0,02;0,02;0,02;0,02;0,01;0,02
Sweden;Services lighting;Total final emissions (MtCO2)                          ;0,15;0,14;0,17;0,08;0,08;0,09;0,10;0,10;0,08;0,09
Switzerland;Total Services;Oil and oil products (MtCO2)                         ;4,04;3,98;3,48;2,60;2,66;2,52;2,27;2,24;2,05;2,30
Switzerland;Total Services;Gas (MtCO2)                                          ;1,17;1,35;1,52;1,43;1,52;1,48;1,38;1,45;1,41;1,47
Switzerland;Total Services;Coal and coal products (MtCO2)                       ;0,01;0,01;0;0;0;0;0;0;0;0
Switzerland;Total Services;Biofuels and waste (MtCO2)                           ;0,07;0,08;0,16;0,14;0,15;0,14;0,15;0,15;0,14;0,14
Switzerland;Total Services;Heat (MtCO2)                                         ;0,19;0,25;0,24;0,21;0,26;0,26;0,25;0,27;0,25;0,26
Switzerland;Total Services;Electricity (MtCO2)                                  ;0,43;0,49;0,48;0,48;0,51;0,50;0,51;0,50;0,48;0,45
Switzerland;Total Services;Other sources (MtCO2)                                ;0;0;0;0;0;0;0;0;0;0
Switzerland;Total Services;Total final emissions (MtCO2)                        ;5,83;6,09;5,72;4,72;4,94;4,77;4,41;4,46;4,18;4,49
Switzerland;Services space heating;Total final emissions (MtCO2)                ;4,65;4,94;4,69;3,76;3,98;3,84;3,49;3,56;3,36;3,72
Switzerland;Services space cooling;Total final emissions (MtCO2)                ;0,06;0,08;0,08;0,09;0,09;0,10;0,10;0,10;0,09;0,09
Switzerland;Services lighting;Total final emissions (MtCO2)                     ;0,08;0,08;0,08;0,08;0,08;0,08;0,08;0,07;0,06;0,06
Republic of Türkiye;Total Services;Oil and oil products (MtCO2)                              ;0;0;0;1,66;1,77;2,55;2,20;2,24;1,36;1,27
Republic of Türkiye;Total Services;Gas (MtCO2)                                               ;0,98;4,61;3,62;6,11;5,99;6,55;7,74;8,93;8,31;9,25
Republic of Türkiye;Total Services;Coal and coal products (MtCO2)                            ;0,75;0,90;16,23;15,17;14,77;15,16;8,31;11,82;15,92;3,40
Republic of Türkiye;Total Services;Biofuels and waste (MtCO2)                                ;0;0;0;0;0;0;0;0;0;0
Republic of Türkiye;Total Services;Heat (MtCO2)                                              ;0;0;0;0;0;0,10;0,10;0,11;0,12;0,16
Republic of Türkiye;Total Services;Electricity (MtCO2)                                       ;15,10;17,84;25,90;32,20;35,13;38,67;39,41;37,84;31,82;35,67
Republic of Türkiye;Total Services;Other sources (MtCO2)                                     ;0;0;0;0;0;0;0;0;0;0
Republic of Türkiye;Total Services;Total final emissions (MtCO2)                             ;16,83;23,35;45,76;55,14;57,66;63,02;57,76;60,94;57,53;49,75
Republic of Türkiye;Services space heating;Total final emissions (MtCO2)                     ;..;..;..;..;..;..;..;..;..;..
Republic of Türkiye;Services space cooling;Total final emissions (MtCO2)                     ;..;..;..;..;..;..;..;..;..;..
Republic of Türkiye;Services lighting;Total final emissions (MtCO2)                          ;..;..;..;..;..;..;..;..;..;..
United Kingdom;Total Services;Oil and oil products (MtCO2)                      ;5,21;3,59;2,42;3,30;6,57;7,65;7,89;7,77;7,29;7,59
United Kingdom;Total Services;Gas (MtCO2)                                       ;22,00;16,09;16,40;14,70;15,10;17,34;18,11;17,78;16,80;17,16
United Kingdom;Total Services;Coal and coal products (MtCO2)                    ;0,21;0,13;0,09;0,09;0,09;0,09;0,08;0,06;0,06;0
United Kingdom;Total Services;Biofuels and waste (MtCO2)                        ;0,27;0,19;0,14;0,16;0,09;0,19;0,16;0,13;0,17;1,02
United Kingdom;Total Services;Heat (MtCO2)                                      ;5,17;1,58;1,71;1,06;1,11;0,92;1,00;0,92;0,94;0,89
United Kingdom;Total Services;Electricity (MtCO2)                               ;47,78;54,87;49,71;35,41;28,12;25,21;22,77;20,05;15,99;17,42
United Kingdom;Total Services;Other sources (MtCO2)                             ;0;0;0;0;0;0;0;0;0;0
United Kingdom;Total Services;Total final emissions (MtCO2)                     ;80,36;76,25;70,33;54,56;50,99;51,21;49,85;46,59;41,08;43,05
United Kingdom;Services space heating;Total final emissions (MtCO2)             ;..;25,60;26,38;19,03;20,95;20,48;21,05;20,62;19,09;19,57
United Kingdom;Services space cooling;Total final emissions (MtCO2)             ;..;5,14;4,47;4,82;3,90;3,30;3,00;2,61;2,13;2,30
United Kingdom;Services lighting;Total final emissions (MtCO2)                  ;..;21,85;20,24;8,09;6,42;5,41;4,89;4,23;3,42;3,71
United States;Total Services;Oil and oil products (MtCO2)                       ;50,93;51,33;30,16;24,99;25,35;23,98;24,41;22,92;21,71;22,57
United States;Total Services;Gas (MtCO2)                                        ;171,87;161,72;168,73;175,85;171,55;174,79;192,22;194,41;175,46;185,44
United States;Total Services;Coal and coal products (MtCO2)                     ;3,54;8,41;6,00;2,68;2,14;1,88;1,70;1,51;1,34;1,35
United States;Total Services;Biofuels and waste (MtCO2)                         ;0;0,65;1,24;1,26;1,34;1,25;1,08;0,90;0,77;0,94
United States;Total Services;Heat (MtCO2)                                       ;3,87;3,43;6,06;4,50;5,26;4,62;4,96;4,69;4,61;4,34
United States;Total Services;Electricity (MtCO2)                                ;814,25;837,33;789,01;705,47;668,44;630,94;627,06;581,25;498,94;545,04
United States;Total Services;Other sources (MtCO2)                              ;0;0;0;0;0;0;0;0;0;0
United States;Total Services;Total final emissions (MtCO2)                      ;1044,47;1062,22;999,96;913,49;872,74;836,20;850,34;804,79;702,05;758,74
United States;Services space heating;Total final emissions (MtCO2)              ;..;..;128,93;122,64;117,64;118,69;133,89;132,44;119,89;125,20
United States;Services space cooling;Total final emissions (MtCO2)              ;..;..;98,81;82,16;80,67;69,62;76,44;68,50;62,64;63,40
United States;Services lighting;Total final emissions (MtCO2)                   ;..;..;166,80;78,55;70,75;66,29;64,12;68,27;60,23;61,48
IEA Total;Total Services;Oil and oil products (MtCO2)                           ;186,13;174,31;115,47;91,17;93,93;92,09;88,33;84,63;85,76;84,38
IEA Total;Total Services;Gas (MtCO2)                                            ;323,29;318,47;336,73;327,97;328,45;335,74;354,48;357,22;329,30;349,35
IEA Total;Total Services;Coal and coal products (MtCO2)                         ;14,51;17,48;15,61;8,90;8,28;7,99;7,79;7,30;6,52;6,89
IEA Total;Total Services;Biofuels and waste (MtCO2)                             ;1,32;4,08;6,45;5,86;6,22;6,61;6,50;6,28;6,24;7,34
IEA Total;Total Services;Heat (MtCO2)                                           ;37,60;45,92;45,95;29,98;31,57;31,38;28,65;28,22;27,38;27,76
IEA Total;Total Services;Electricity (MtCO2)                                    ;1326,25;1422,50;1414,76;1312,93;1268,91;1226,88;1197,78;1107,75;968,80;1040,50
IEA Total;Total Services;Other sources (MtCO2)                                  ;0;0;0;0;0;0;0;0;0;0
IEA Total;Total Services;Total final emissions (MtCO2)                          ;1887,78;1978,68;1928,51;1770,95;1731,14;1694,07;1677,03;1585,12;1417,77;1508,88
IEA Total;Services space heating;Total final emissions (MtCO2)                  ;164,70;248,00;364,51;321,83;320,52;324,40;331,53;328,22;306,91;320,31
IEA Total;Services space cooling;Total final emissions (MtCO2)                  ;48,04;68,92;174,94;166,63;165,40;155,46;161,37;147,91;134,86;137,50
IEA Total;Services lighting;Total final emissions (MtCO2)                       ;39,69;98,72;261,90;158,09;146,44;141,38;134,66;130,49;113,11;117,93
Argentina;Total Services;Oil and oil products (MtCO2)                           ;1,26;0,95;1,13;1,14;1,04;0,95;0,90;1,01;1,12;1,41
Argentina;Total Services;Gas (MtCO2)                                            ;2,72;2,98;3,27;3,44;2,67;3,32;3,29;2,84;2,11;2,27
Argentina;Total Services;Coal and coal products (MtCO2)                         ;0;0;0;0;0;0;0;0;0;0
Argentina;Total Services;Biofuels and waste (MtCO2)                             ;0;0;0;0;0;0;0;0;0;0
Argentina;Total Services;Heat (MtCO2)                                           ;0;0;0;0;0;0;0;0;0;0
Argentina;Total Services;Electricity (MtCO2)                                    ;6,85;9,27;10,29;13,21;13,89;12,70;11,72;9,91;9,83;12,05
Argentina;Total Services;Other sources (MtCO2)                                  ;0;0;0;0;0;0;0;0;0;0
Argentina;Total Services;Total final emissions (MtCO2)                          ;10,82;13,20;14,69;17,79;17,60;16,96;15,91;13,76;13,06;15,73
Argentina;Services space heating;Total final emissions (MtCO2)                  ;..;..;..;..;..;..;..;..;..;..
Argentina;Services space cooling;Total final emissions (MtCO2)                  ;..;..;..;..;..;..;..;..;..;..
Argentina;Services lighting;Total final emissions (MtCO2)                       ;..;..;..;..;..;..;..;..;..;..
Brazil;Total Services;Oil and oil products (MtCO2)                              ;4,03;2,98;2,02;1,86;1,82;1,85;1,85;1,89;1,74;1,95
Brazil;Total Services;Gas (MtCO2)                                               ;0,23;0,66;0,61;0,37;0,42;0,32;0,36;0,35;0,26;0,32
Brazil;Total Services;Coal and coal products (MtCO2)                            ;0;0;0;0;0;0;0;0;0;0
Brazil;Total Services;Biofuels and waste (MtCO2)                                ;0;0;0;0;0;0;0;0;0;0
Brazil;Total Services;Heat (MtCO2)                                              ;0;0;0;0;0;0;0;0;0;0
Brazil;Total Services;Electricity (MtCO2)                                       ;7,35;7,06;10,70;24,82;18,85;18,90;16,72;17,73;14,93;21,07
Brazil;Total Services;Other sources (MtCO2)                                     ;0;0;0;0;0;0;0;0;0;0
Brazil;Total Services;Total final emissions (MtCO2)                             ;11,60;10,71;13,34;27,05;21,08;21,07;18,93;19,96;16,93;23,35
Brazil;Services space heating;Total final emissions (MtCO2)                     ;..;..;..;..;..;..;..;..;..;..
Brazil;Services space cooling;Total final emissions (MtCO2)                     ;..;..;..;..;..;..;..;..;..;..
Brazil;Services lighting;Total final emissions (MtCO2)                          ;..;..;..;..;..;..;..;..;..;..
Morocco;Total Services;Oil and oil products (MtCO2)                             ;..;0,28;0,35;0,38;0,39;0,42;0,43;0,47;0,43;0,48
Morocco;Total Services;Gas (MtCO2)                                              ;..;0;0;0;0;0;0;0;0;0
Morocco;Total Services;Coal and coal products (MtCO2)                           ;..;0;0;0;0;0;0;0;0;0
Morocco;Total Services;Biofuels and waste (MtCO2)                               ;..;0;0;0;0;0;0;0;0;0
Morocco;Total Services;Heat (MtCO2)                                             ;..;0;0;0;0;0;0;0;0;0
Morocco;Total Services;Electricity (MtCO2)                                      ;..;2,79;2,83;3,64;3,63;3,87;4,00;5,05;4,78;5,11
Morocco;Total Services;Other sources (MtCO2)                                    ;..;0;0;0;0;0;0;0;0;0
Morocco;Total Services;Total final emissions (MtCO2)                            ;..;3,07;3,18;4,02;4,02;4,29;4,43;5,52;5,20;5,59
Morocco;Services space heating;Total final emissions (MtCO2)                    ;..;0,11;0,12;0,15;0,15;0,16;0,16;0,19;0,18;0,20
Morocco;Services space cooling;Total final emissions (MtCO2)                    ;..;0,15;0,15;0,19;0,19;0,20;0,21;0,26;0,25;0,27
Morocco;Services lighting;Total final emissions (MtCO2)                         ;..;0,82;0,84;1,08;1,07;1,14;1,18;1,49;1,41;1,51
South Africa;Total Services;Oil and oil products (MtCO2)                        ;0,62;0,21;0,47;0,41;0,42;0,57;0,56;0,50;0,48;0,47
South Africa;Total Services;Gas (MtCO2)                                         ;0;0;0;0;0;0,06;0,07;0,06;0,06;0,07
South Africa;Total Services;Coal and coal products (MtCO2)                      ;2,01;6,25;3,90;7,10;6,29;10,46;7,66;5,03;4,71;4,94
South Africa;Total Services;Biofuels and waste (MtCO2)                          ;0;0;0;0;0;0;0;0;0;0
South Africa;Total Services;Heat (MtCO2)                                        ;0;0;0;0;0;0;0;0;0;0
South Africa;Total Services;Electricity (MtCO2)                                 ;17,12;27,93;33,69;32,03;39,66;38,28;40,15;43,92;37,76;37,17
South Africa;Total Services;Other sources (MtCO2)                               ;0;0;0;0;0;0;0;0;0;0
South Africa;Total Services;Total final emissions (MtCO2)                       ;19,74;34,40;38,06;39,54;46,37;49,37;48,44;49,51;43,01;42,65
South Africa;Services space heating;Total final emissions (MtCO2)               ;..;..;..;..;..;..;..;..;..;..
South Africa;Services space cooling;Total final emissions (MtCO2)               ;..;..;..;..;..;..;..;..;..;..
South Africa;Services lighting;Total final emissions (MtCO2)                    ;..;..;..;..;..;..;..;..;..;..
Ukraine;Total Services;Oil and oil products (MtCO2)                             ;0;0,15;0,23;0,27;0,31;0,42;0,35;0,44;0,38;0,41
Ukraine;Total Services;Gas (MtCO2)                                              ;1,98;1,26;0,82;0,58;1,39;1,41;2,03;1,92;1,94;1,76
Ukraine;Total Services;Coal and coal products (MtCO2)                           ;0;0;0,70;0,27;0,63;0,41;2,04;1,57;1,67;1,49
Ukraine;Total Services;Biofuels and waste (MtCO2)                               ;0;0;0;0;0;0;0;0;0,52;0,52
Ukraine;Total Services;Heat (MtCO2)                                             ;0;0;7,54;5,07;6,86;5,32;5,05;4,82;5,72;5,74
Ukraine;Total Services;Electricity (MtCO2)                                      ;4,95;10,21;10,34;11,27;11,88;9,83;9,92;10,49;9,11;8,40
Ukraine;Total Services;Other sources (MtCO2)                                    ;0;0;0;0;0;0;0;0;0;0
Ukraine;Total Services;Total final emissions (MtCO2)                            ;6,93;11,62;19,63;17,45;21,07;17,40;19,39;19,23;18,83;17,80
Ukraine;Services space heating;Total final emissions (MtCO2)                    ;..;..;..;..;..;..;..;..;..;..
Ukraine;Services space cooling;Total final emissions (MtCO2)                    ;..;..;..;..;..;..;..;..;..;..
Ukraine;Services lighting;Total final emissions (MtCO2)                         ;..;..;..;..;..;..;..;..;..;..
Chile;Total Services;Oil and oil products (MtCO2)                               ;0,45;0,65;1,38;1,25;1,85;2,11;2,16;1,94;1,50;1,82
Chile;Total Services;Gas (MtCO2)                                                ;0,13;0,18;0,28;0,32;0,30;0,38;0,33;0,35;0,26;0,33
Chile;Total Services;Coal and coal products (MtCO2)                             ;0,04;0,03;0,02;0,02;0;0;0;0;0;0
Chile;Total Services;Biofuels and waste (MtCO2)                                 ;0;0;0;0;0;0;0;0;0;0
Chile;Total Services;Heat (MtCO2)                                               ;0;0;0;0;0;0;0;0;0;0
Chile;Total Services;Electricity (MtCO2)                                        ;1,67;2,43;4,09;5,77;5,90;6,30;5,28;6,21;5,26;5,42
Chile;Total Services;Other sources (MtCO2)                                      ;0;0;0;0;0;0;0;0;0;0
Chile;Total Services;Total final emissions (MtCO2)                              ;2,29;3,29;5,77;7,36;8,05;8,79;7,77;8,50;7,02;7,58
Chile;Services space heating;Total final emissions (MtCO2)                      ;..;..;..;..;..;..;..;..;..;..
Chile;Services space cooling;Total final emissions (MtCO2)                      ;..;..;..;..;..;..;..;..;..;..
Chile;Services lighting;Total final emissions (MtCO2)                           ;..;..;..;..;..;..;..;..;..;..
Colombia;Total Services;Oil and oil products (MtCO2)                            ;0,95;0,39;0,57;0,18;0,18;0,13;0,35;0,16;0,13;0,19
Colombia;Total Services;Gas (MtCO2)                                             ;0,21;0,31;0,59;0,77;0,81;0,82;0,89;0,95;0,72;0,80
Colombia;Total Services;Coal and coal products (MtCO2)                          ;0;0;0;0;0;0;0;0;0;0
Colombia;Total Services;Biofuels and waste (MtCO2)                              ;0;0;0;0;0;0;0;0;0;0
Colombia;Total Services;Heat (MtCO2)                                            ;0;0;0;0;0;0;0;0;0;0
Colombia;Total Services;Electricity (MtCO2)                                     ;1,95;1,62;2,91;3,52;3,48;2,53;2,54;3,37;3,87;2,60
Colombia;Total Services;Other sources (MtCO2)                                   ;0;0;0;0;0;0;0;0;0;0
Colombia;Total Services;Total final emissions (MtCO2)                           ;3,11;2,32;4,07;4,47;4,46;3,48;3,78;4,47;4,71;3,59
Colombia;Services space heating;Total final emissions (MtCO2)                   ;..;..;..;..;..;..;..;..;..;..
Colombia;Services space cooling;Total final emissions (MtCO2)                   ;..;..;..;..;..;..;..;..;..;..
Colombia;Services lighting;Total final emissions (MtCO2)                        ;..;..;..;..;..;..;..;..;..;..
Latvia;Total Services;Oil and oil products (MtCO2)                              ;0,12;0,14;0,11;0,16;0,11;0,11;0,11;0,08;0,11;0,15
Latvia;Total Services;Gas (MtCO2)                                               ;0,10;0,22;0,27;0,20;0,22;0,24;0,25;0,26;0,26;0,28
Latvia;Total Services;Coal and coal products (MtCO2)                            ;0,14;0,09;0,08;0,02;0,02;0,02;0,01;0,01;0,01;0,01
Latvia;Total Services;Biofuels and waste (MtCO2)                                ;0;0;0;0;0;0;0;0;0;0
Latvia;Total Services;Heat (MtCO2)                                              ;0,49;0,42;0,37;0,26;0,27;0,24;0,21;0,18;0,17;0,19
Latvia;Total Services;Electricity (MtCO2)                                       ;0,19;0,16;0,31;0,34;0,32;0,23;0,41;0,43;0,25;0,24
Latvia;Total Services;Other sources (MtCO2)                                     ;0;0;0;0;0;0;0;0;0;0
Latvia;Total Services;Total final emissions (MtCO2)                             ;1,05;1,04;1,15;0,99;0,95;0,84;1,00;0,96;0,80;0,87
Latvia;Services space heating;Total final emissions (MtCO2)                     ;..;..;..;..;..;..;..;..;..;..
Latvia;Services space cooling;Total final emissions (MtCO2)                     ;..;..;..;..;..;..;..;..;..;..
Latvia;Services lighting;Total final emissions (MtCO2)                          ;..;..;..;..;..;..;..;..;..;..
Albania;Total Services;Oil and oil products (MtCO2)                             ;0,13;0,14;0,09;0,13;0,13;0,16;0,17;0,17;0,14;0,17
Albania;Total Services;Gas (MtCO2)                                              ;0;0;0;0;0;0;0;0;0;0
Albania;Total Services;Coal and coal products (MtCO2)                           ;0;0,01;0,01;0,01;0,01;0,01;0,01;0,02;0,01;0,01
Albania;Total Services;Biofuels and waste (MtCO2)                               ;0;0;0;0;0;0;0;0;0;0
Albania;Total Services;Heat (MtCO2)                                             ;0;0;0;0;0;0;0;0;0;0
Albania;Total Services;Electricity (MtCO2)                                      ;0,04;0,04;0;0;0;0;0;0;0;0
Albania;Total Services;Other sources (MtCO2)                                    ;0;0;0;0;0;0;0;0;0;0
Albania;Total Services;Total final emissions (MtCO2)                            ;0,16;0,20;0,11;0,14;0,15;0,18;0,18;0,19;0,16;0,19
Albania;Services space heating;Total final emissions (MtCO2)                    ;..;..;..;..;..;..;..;..;..;..
Albania;Services space cooling;Total final emissions (MtCO2)                    ;..;..;..;..;..;..;..;..;..;..
Albania;Services lighting;Total final emissions (MtCO2)                         ;..;..;..;..;..;..;..;..;..;..
Armenia;Total Services;Oil and oil products (MtCO2)                             ;0;0;0;0;0;0;0,01;0,01;0,02;0,05
Armenia;Total Services;Gas (MtCO2)                                              ;0,02;0,04;0,07;0,09;0,11;0,11;0,08;0,10;0,10;0,11
Armenia;Total Services;Coal and coal products (MtCO2)                           ;0;0;0;0;0;0;0;0,01;0;0,01
Armenia;Total Services;Biofuels and waste (MtCO2)                               ;0;0;0;0;0;0;0;0;0;0
Armenia;Total Services;Heat (MtCO2)                                             ;0;0;0;0;0;0;0;0;0;0
Armenia;Total Services;Electricity (MtCO2)                                      ;0,09;0,07;0,10;0,08;0,07;0,05;0,08;0,05;0,05;0,05
Armenia;Total Services;Other sources (MtCO2)                                    ;0;0;0;0;0;0;0;0;0;0
Armenia;Total Services;Total final emissions (MtCO2)                            ;0,11;0,10;0,18;0,18;0,18;0,16;0,17;0,17;0,17;0,22
Armenia;Services space heating;Total final emissions (MtCO2)                    ;..;..;..;..;..;..;..;..;..;..
Armenia;Services space cooling;Total final emissions (MtCO2)                    ;..;..;..;..;..;..;..;..;..;..
Armenia;Services lighting;Total final emissions (MtCO2)                         ;..;..;..;..;..;..;..;..;..;..
Azerbaijan;Total Services;Oil and oil products (MtCO2)                          ;0,17;0,11;0,02;0,03;0,08;0,03;0,01;0,06;0,03;0,02
Azerbaijan;Total Services;Gas (MtCO2)                                           ;0,80;0,03;0,19;0,43;0,30;0,50;0,23;0,56;0,43;0,36
Azerbaijan;Total Services;Coal and coal products (MtCO2)                        ;0;0;0;0;0;0;0;0;0;0
Azerbaijan;Total Services;Biofuels and waste (MtCO2)                            ;0;0;0;0;0;0;0;0;0;0
Azerbaijan;Total Services;Heat (MtCO2)                                          ;0,17;0,18;0,07;0,07;0,08;0,08;0,07;0,07;0,06;0,07
Azerbaijan;Total Services;Electricity (MtCO2)                                   ;2,24;1,17;2,12;3,00;2,67;2,92;3,27;3,34;2,91;3,43
Azerbaijan;Total Services;Other sources (MtCO2)                                 ;0;0;0;0;0;0;0;0;0;0
Azerbaijan;Total Services;Total final emissions (MtCO2)                         ;3,39;1,49;2,41;3,53;3,14;3,52;3,57;4,02;3,42;3,88
Azerbaijan;Services space heating;Total final emissions (MtCO2)                 ;..;..;..;..;..;..;..;..;..;..
Azerbaijan;Services space cooling;Total final emissions (MtCO2)                 ;..;..;..;..;..;..;..;..;..;..
Azerbaijan;Services lighting;Total final emissions (MtCO2)                      ;..;..;..;..;..;..;..;..;..;..
Belarus;Total Services;Oil and oil products (MtCO2)                             ;0,15;0,14;0,14;0,10;0,11;0,13;0,13;0,14;..;..
Belarus;Total Services;Gas (MtCO2)                                              ;0,54;0,22;0,12;0,10;0,11;0,12;0,12;0,12;..;..
Belarus;Total Services;Coal and coal products (MtCO2)                           ;0,56;0,32;0,25;0,14;0,14;0,13;0,13;0,11;..;..
Belarus;Total Services;Biofuels and waste (MtCO2)                               ;0;0;0;0;0;0;0;0;..;..
Belarus;Total Services;Heat (MtCO2)                                             ;3,80;3,79;3,49;3,06;3,12;3,06;3,18;2,86;..;..
Belarus;Total Services;Electricity (MtCO2)                                      ;2,46;2,90;3,54;3,27;3,21;3,23;3,71;3,76;..;..
Belarus;Total Services;Other sources (MtCO2)                                    ;0;0;0;0;0;0;0;0;..;..
Belarus;Total Services;Total final emissions (MtCO2)                            ;7,51;7,36;7,55;6,68;6,69;6,68;7,28;6,99;..;..
Belarus;Services space heating;Total final emissions (MtCO2)                    ;..;..;..;..;..;..;..;..;..;..
Belarus;Services space cooling;Total final emissions (MtCO2)                    ;..;..;..;..;..;..;..;..;..;..
Belarus;Services lighting;Total final emissions (MtCO2)                         ;..;..;..;..;..;..;..;..;..;..
Bosnia and Herzegovina;Total Services;Oil and oil products (MtCO2)              ;0;0;0;0;0,16;0,12;0,07;0,07;0,05;0,04
Bosnia and Herzegovina;Total Services;Gas (MtCO2)                               ;0,01;0,02;0;0,06;0,06;0,06;0,05;0,05;0,05;0,06
Bosnia and Herzegovina;Total Services;Coal and coal products (MtCO2)            ;0;0;0;0,47;0,46;0,19;0,21;0,18;0,15;0,16
Bosnia and Herzegovina;Total Services;Biofuels and waste (MtCO2)                ;0;0;0;0;0;0;0;0;0;0
Bosnia and Herzegovina;Total Services;Heat (MtCO2)                              ;0;0;0;0,14;0,13;0,14;0,14;0,12;0,11;0,11
Bosnia and Herzegovina;Total Services;Electricity (MtCO2)                       ;1,50;1,67;0;1,86;2,56;2,60;2,70;2,77;3,16;3,01
Bosnia and Herzegovina;Total Services;Other sources (MtCO2)                     ;0;0;0;0;0;0;0;0;0;0
Bosnia and Herzegovina;Total Services;Total final emissions (MtCO2)             ;1,51;1,69;..;2,53;3,36;3,10;3,16;3,19;3,52;3,39
Bosnia and Herzegovina;Services space heating;Total final emissions (MtCO2)     ;..;..;..;..;..;..;..;..;..;..
Bosnia and Herzegovina;Services space cooling;Total final emissions (MtCO2)     ;..;..;..;..;..;..;..;..;..;..
Bosnia and Herzegovina;Services lighting;Total final emissions (MtCO2)          ;..;..;..;..;..;..;..;..;..;..
Bulgaria;Total Services;Oil and oil products (MtCO2)                            ;0,29;0,11;0,14;0,12;0,12;0,11;0,08;0,12;0,09;0,11
Bulgaria;Total Services;Gas (MtCO2)                                             ;0,03;0,10;0,19;0,21;0,21;0,22;0,23;0,21;0,20;0,25
Bulgaria;Total Services;Coal and coal products (MtCO2)                          ;0,01;0,02;0,02;0,02;0,02;0,02;0,01;0,02;0,01;0,01
Bulgaria;Total Services;Biofuels and waste (MtCO2)                              ;0;0;0;0;0;0;0;0;0;0
Bulgaria;Total Services;Heat (MtCO2)                                            ;0,44;0,69;0,47;0,48;0,61;0,47;0,46;0,38;0,31;0,33
Bulgaria;Total Services;Electricity (MtCO2)                                     ;3,98;5,08;7,19;6,58;5,91;6,15;5,57;5,26;3,52;5,15
Bulgaria;Total Services;Other sources (MtCO2)                                   ;0;0;0;0;0;0;0;0;0;0
Bulgaria;Total Services;Total final emissions (MtCO2)                           ;4,75;6,00;8,01;7,41;6,88;6,97;6,34;5,99;4,14;5,85
Bulgaria;Services space heating;Total final emissions (MtCO2)                   ;..;..;..;..;..;..;..;..;..;..
Bulgaria;Services space cooling;Total final emissions (MtCO2)                   ;..;..;..;..;..;..;..;..;..;..
Bulgaria;Services lighting;Total final emissions (MtCO2)                        ;..;..;..;..;..;..;..;..;..;..
Croatia;Total Services;Oil and oil products (MtCO2)                             ;0,40;0,46;0,30;0,19;0,18;0,18;0,15;0,12;0,11;0,11
Croatia;Total Services;Gas (MtCO2)                                              ;0,19;0,29;0,37;0,40;0,43;0,45;0,47;0,49;0,46;0,55
Croatia;Total Services;Coal and coal products (MtCO2)                           ;0,02;0,01;0,01;0;0;0;0;0;0;0
Croatia;Total Services;Biofuels and waste (MtCO2)                               ;0;0;0;0;0;0;0;0;0;0
Croatia;Total Services;Heat (MtCO2)                                             ;0,23;0,28;0,26;0,19;0,18;0,18;0,16;0,14;0,14;0,16
Croatia;Total Services;Electricity (MtCO2)                                      ;0,79;1,21;1,10;0,88;0,99;0,85;0,69;0,80;0,73;0,76
Croatia;Total Services;Other sources (MtCO2)                                    ;0;0;0;0;0;0;0;0;0;0
Croatia;Total Services;Total final emissions (MtCO2)                            ;1,64;2,24;2,03;1,66;1,78;1,66;1,47;1,55;1,45;1,58
Croatia;Services space heating;Total final emissions (MtCO2)                    ;..;..;..;..;..;..;..;..;..;..
Croatia;Services space cooling;Total final emissions (MtCO2)                    ;..;..;..;..;..;..;..;..;..;..
Croatia;Services lighting;Total final emissions (MtCO2)                         ;..;..;..;..;..;..;..;..;..;..
Cyprus;Total Services;Oil and oil products (MtCO2)                              ;0;0;0,12;0,08;0,08;0,09;0,09;0,12;0,08;0,09
Cyprus;Total Services;Gas (MtCO2)                                               ;0;0;0;0;0;0;0;0;0;0
Cyprus;Total Services;Coal and coal products (MtCO2)                            ;0;0;0;0;0;0;0;0;0;0
Cyprus;Total Services;Biofuels and waste (MtCO2)                                ;0;0;0;0;0;0;0;0;0;0
Cyprus;Total Services;Heat (MtCO2)                                              ;0;0;0;0;0;0;0;0;0;0
Cyprus;Total Services;Electricity (MtCO2)                                       ;1,19;1,59;1,77;1,38;1,53;1,51;1,54;1,49;1,23;1,34
Cyprus;Total Services;Other sources (MtCO2)                                     ;0;0;0;0;0;0;0;0;0;0
Cyprus;Total Services;Total final emissions (MtCO2)                             ;1,19;1,59;1,89;1,47;1,61;1,60;1,63;1,61;1,31;1,42
Cyprus;Services space heating;Total final emissions (MtCO2)                     ;..;..;..;..;..;..;..;..;..;..
Cyprus;Services space cooling;Total final emissions (MtCO2)                     ;..;..;..;..;..;..;..;..;..;..
Cyprus;Services lighting;Total final emissions (MtCO2)                          ;..;..;..;..;..;..;..;..;..;..
Georgia;Total Services;Oil and oil products (MtCO2)                             ;0,14;0,01;0;0,04;0,03;0,03;0;0;0;0
Georgia;Total Services;Gas (MtCO2)                                              ;0,04;0,11;0,04;0,35;0,37;0,39;0,41;0,46;0,36;0,52
Georgia;Total Services;Coal and coal products (MtCO2)                           ;0;0;0,03;0;0;0;0;0;0;0
Georgia;Total Services;Biofuels and waste (MtCO2)                               ;0;0;0;0;0;0;0;0;0;0
Georgia;Total Services;Heat (MtCO2)                                             ;0;0,03;0,01;0;0;0;0;0;0;0
Georgia;Total Services;Electricity (MtCO2)                                      ;0,59;0,21;0,05;0,32;0,29;0,30;0,32;0,42;0,31;0,27
Georgia;Total Services;Other sources (MtCO2)                                    ;0;0;0;0;0;0;0;0;0;0
Georgia;Total Services;Total final emissions (MtCO2)                            ;0,77;0,36;0,14;0,73;0,70;0,72;0,73;0,88;0,67;0,79
Georgia;Services space heating;Total final emissions (MtCO2)                    ;..;..;..;..;..;..;..;..;..;..
Georgia;Services space cooling;Total final emissions (MtCO2)                    ;..;..;..;..;..;..;..;..;..;..
Georgia;Services lighting;Total final emissions (MtCO2)                         ;..;..;..;..;..;..;..;..;..;..
Hong Kong (China);Total Services;Oil and oil products (MtCO2)                   ;0,46;0,48;0,36;0,12;0,11;0,09;0,08;0,06;0,05;0,05
Hong Kong (China);Total Services;Gas (MtCO2)                                    ;0,56;0,54;0,57;0,61;0,61;0,62;0,63;0,61;0,49;0,58
Hong Kong (China);Total Services;Coal and coal products (MtCO2)                 ;0;0;0;0;0;0;0;0;0;0
Hong Kong (China);Total Services;Biofuels and waste (MtCO2)                     ;0;0;0;0;0;0;0;0;0;0
Hong Kong (China);Total Services;Heat (MtCO2)                                   ;0;0;0;0;0;0;0;0;0;0
Hong Kong (China);Total Services;Electricity (MtCO2)                            ;13,52;19,93;20,34;21,29;21,45;20,41;20,76;20,23;14,46;15,44
Hong Kong (China);Total Services;Other sources (MtCO2)                          ;0;0;0;0;0;0;0;0;0;0
Hong Kong (China);Total Services;Total final emissions (MtCO2)                  ;14,54;20,95;21,27;22,02;22,16;21,12;21,47;20,90;15,01;16,07
Hong Kong (China);Services space heating;Total final emissions (MtCO2)          ;..;0,03;0,02;0,01;0,01;0,01;0,01;0,01;0,01;0,01
Hong Kong (China);Services space cooling;Total final emissions (MtCO2)          ;5,01;5,61;5,29;5,41;5,33;5,14;5,51;5,26;3,80;3,98
Hong Kong (China);Services lighting;Total final emissions (MtCO2)               ;2,74;3,68;2,92;2,64;2,60;2,46;2,51;2,37;1,73;1,78
Kazakhstan;Total Services;Oil and oil products (MtCO2)                          ;0,43;0,49;2,53;2,51;1,96;2,18;2,37;1,45;3,75;1,12
Kazakhstan;Total Services;Gas (MtCO2)                                           ;0;0;1,27;0,93;1,89;1,65;1,81;1,42;1,14;1,55
Kazakhstan;Total Services;Coal and coal products (MtCO2)                        ;0;0;3,02;2,75;2,91;3,28;3,40;2,79;2,67;2,98
Kazakhstan;Total Services;Biofuels and waste (MtCO2)                            ;0;0;0;0;0;0;0;0;0;0
Kazakhstan;Total Services;Heat (MtCO2)                                          ;0;0;5,27;8,61;9,77;11,55;10,52;9,56;5,09;14,55
Kazakhstan;Total Services;Electricity (MtCO2)                                   ;0;0;2,54;4,46;5,02;5,92;6,01;6,77;6,08;12,03
Kazakhstan;Total Services;Other sources (MtCO2)                                 ;0;0;0;0;0;0;0;0;0;0
Kazakhstan;Total Services;Total final emissions (MtCO2)                         ;0,43;0,49;14,62;19,27;21,55;24,59;24,12;21,98;18,73;32,22
Kazakhstan;Services space heating;Total final emissions (MtCO2)                 ;..;..;..;..;..;..;..;..;..;..
Kazakhstan;Services space cooling;Total final emissions (MtCO2)                 ;..;..;..;..;..;..;..;..;..;..
Kazakhstan;Services lighting;Total final emissions (MtCO2)                      ;..;..;..;..;..;..;..;..;..;..
Kosovo;Total Services;Oil and oil products (MtCO2)                              ;0,07;0,11;0,13;0,16;0,14;0,14;0,15;0,16;0,16;0,16
Kosovo;Total Services;Gas (MtCO2)                                               ;0;0;0;0;0;0;0;0;0;0
Kosovo;Total Services;Coal and coal products (MtCO2)                            ;0,02;0,02;0,02;0,08;0,27;0,23;0,04;0,03;0,03;0,03
Kosovo;Total Services;Biofuels and waste (MtCO2)                                ;0;0;0;0;0;0;0;0;0;0
Kosovo;Total Services;Heat (MtCO2)                                              ;0,01;0,01;0,01;0;0;0;0;0;0;0
Kosovo;Total Services;Electricity (MtCO2)                                       ;0,57;0,73;1,05;1,09;1,04;1,13;1,29;1,34;1,22;1,32
Kosovo;Total Services;Other sources (MtCO2)                                     ;0;0;0;0;0;0;0;0;0;0
Kosovo;Total Services;Total final emissions (MtCO2)                             ;0,67;0,86;1,21;1,32;1,46;1,50;1,47;1,53;1,41;1,51
Kosovo;Services space heating;Total final emissions (MtCO2)                     ;..;..;..;..;..;..;..;..;..;..
Kosovo;Services space cooling;Total final emissions (MtCO2)                     ;..;..;..;..;..;..;..;..;..;..
Kosovo;Services lighting;Total final emissions (MtCO2)                          ;..;..;..;..;..;..;..;..;..;..
Kyrgyzstan;Total Services;Oil and oil products (MtCO2)                          ;0;0;0;0,07;0,03;0,02;0,06;0,05;0,03;0,01
Kyrgyzstan;Total Services;Gas (MtCO2)                                           ;0;0;0;0;0,05;0,08;0,07;0,05;0,03;0,03
Kyrgyzstan;Total Services;Coal and coal products (MtCO2)                        ;0;0;0;0;0,50;0,28;0,36;0,32;0,31;0,30
Kyrgyzstan;Total Services;Biofuels and waste (MtCO2)                            ;0;0;0;0;0;0;0;0;0;0
Kyrgyzstan;Total Services;Heat (MtCO2)                                          ;0;0,21;0,21;0,71;0,29;0,24;0,24;0,40;0,48;0,42
Kyrgyzstan;Total Services;Electricity (MtCO2)                                   ;0;0,14;0,09;0,08;0,07;0,06;0,06;0,07;0,08;0,14
Kyrgyzstan;Total Services;Other sources (MtCO2)                                 ;0;0;0;0;0;0;0;0;0;0
Kyrgyzstan;Total Services;Total final emissions (MtCO2)                         ;..;0,35;0,30;0,85;0,94;0,69;0,79;0,88;0,93;0,91
Kyrgyzstan;Services space heating;Total final emissions (MtCO2)                 ;..;..;..;..;..;..;..;..;..;..
Kyrgyzstan;Services space cooling;Total final emissions (MtCO2)                 ;..;..;..;..;..;..;..;..;..;..
Kyrgyzstan;Services lighting;Total final emissions (MtCO2)                      ;..;..;..;..;..;..;..;..;..;..
Malta;Total Services;Oil and oil products (MtCO2)                               ;0;0,05;0,07;0,10;0,10;0,09;0,07;0,08;0,08;0,09
Malta;Total Services;Gas (MtCO2)                                                ;0;0;0;0;0;0;0;0;0;0
Malta;Total Services;Coal and coal products (MtCO2)                             ;0;0;0;0;0;0;0;0;0;0
Malta;Total Services;Biofuels and waste (MtCO2)                                 ;0;0;0;0;0;0;0;0;0;0
Malta;Total Services;Heat (MtCO2)                                               ;0;0;0;0;0;0;0;0;0;0
Malta;Total Services;Electricity (MtCO2)                                        ;0,51;0,60;0,81;0,40;0,26;0,33;0,32;0,33;0,34;0,31
Malta;Total Services;Other sources (MtCO2)                                      ;0;0;0;0;0;0;0;0;0;0
Malta;Total Services;Total final emissions (MtCO2)                              ;0,51;0,64;0,88;0,51;0,36;0,42;0,39;0,42;0,42;0,40
Malta;Services space heating;Total final emissions (MtCO2)                      ;..;..;..;..;..;..;..;..;..;..
Malta;Services space cooling;Total final emissions (MtCO2)                      ;..;..;..;..;..;..;..;..;..;..
Malta;Services lighting;Total final emissions (MtCO2)                           ;..;..;..;..;..;..;..;..;..;..
Republic of Moldova;Total Services;Oil and oil products (MtCO2)                 ;0,02;0,01;0,03;0;0,01;0,01;0;0;0;..
Republic of Moldova;Total Services;Gas (MtCO2)                                  ;0,10;0,14;0,23;0,18;0,20;0,19;0,20;0,20;0,18;..
Republic of Moldova;Total Services;Coal and coal products (MtCO2)               ;0,11;0,19;0,10;0,07;0,07;0,07;0,07;0,07;0,06;..
Republic of Moldova;Total Services;Biofuels and waste (MtCO2)                   ;0;0;0;0;0;0;0;0;0;..
Republic of Moldova;Total Services;Heat (MtCO2)                                 ;0,09;0,17;0,17;0,13;0,14;0,13;0,13;0,11;0,10;..
Republic of Moldova;Total Services;Electricity (MtCO2)                          ;0,64;0,40;0,58;0,70;0,70;0,56;0,59;0,69;0,74;..
Republic of Moldova;Total Services;Other sources (MtCO2)                        ;0;0;0;0;0;0;0;0;0;..
Republic of Moldova;Total Services;Total final emissions (MtCO2)                ;0,96;0,90;1,10;1,08;1,12;0,95;1,00;1,07;1,09;..
Republic of Moldova;Services space heating;Total final emissions (MtCO2)        ;..;..;..;..;..;..;..;..;..;..
Republic of Moldova;Services space cooling;Total final emissions (MtCO2)        ;..;..;..;..;..;..;..;..;..;..
Republic of Moldova;Services lighting;Total final emissions (MtCO2)             ;..;..;..;..;..;..;..;..;..;..
Republic of North Macedonia;Total Services;Oil and oil products (MtCO2)         ;0,12;0,37;0,25;0,19;0,20;0,19;0,17;0,18;0,14;0,13
Republic of North Macedonia;Total Services;Gas (MtCO2)                          ;0;0,01;0;0,01;0,01;0,02;0,01;0,01;0,01;0,02
Republic of North Macedonia;Total Services;Coal and coal products (MtCO2)       ;0;0,02;0;0;0;0;0;0;0;0
Republic of North Macedonia;Total Services;Biofuels and waste (MtCO2)           ;0;0;0;0;0;0;0;0;0;0
Republic of North Macedonia;Total Services;Heat (MtCO2)                         ;0,06;0,07;0,04;0,03;0,03;0,04;0,04;0,03;0,03;0,03
Republic of North Macedonia;Total Services;Electricity (MtCO2)                  ;0,96;0,90;1,08;0,84;0,78;0,95;0,84;1,01;0,72;0,67
Republic of North Macedonia;Total Services;Other sources (MtCO2)                ;0;0;0;0;0;0;0;0;0;0
Republic of North Macedonia;Total Services;Total final emissions (MtCO2)        ;1,15;1,37;1,38;1,08;1,03;1,20;1,06;1,23;0,90;0,86
Republic of North Macedonia;Services space heating;Total final emissions (MtCO2);..;..;..;..;..;..;..;..;..;..
Republic of North Macedonia;Services space cooling;Total final emissions (MtCO2);..;..;..;..;..;..;..;..;..;..
Republic of North Macedonia;Services lighting;Total final emissions (MtCO2)     ;..;..;..;..;..;..;..;..;..;..
Romania;Total Services;Oil and oil products (MtCO2)                             ;0,27;0,70;0,22;0,24;0,25;0,26;0,30;0,31;0,26;0,25
Romania;Total Services;Gas (MtCO2)                                              ;0,55;1,84;2,20;1,76;1,79;1,91;1,91;1,90;1,79;1,76
Romania;Total Services;Coal and coal products (MtCO2)                           ;0,02;0;0;0;0;0;0;0;0;0
Romania;Total Services;Biofuels and waste (MtCO2)                               ;0;0;0;0,03;0,03;0,02;0,01;0,01;0,01;0,01
Romania;Total Services;Heat (MtCO2)                                             ;0;1,33;1,00;0,85;0,80;0,69;0,65;0,54;0,55;0,61
Romania;Total Services;Electricity (MtCO2)                                      ;2,89;2,44;4,19;4,10;3,87;3,84;3,78;3,62;2,70;2,86
Romania;Total Services;Other sources (MtCO2)                                    ;0;0;0;0;0;0;0;0;0;0
Romania;Total Services;Total final emissions (MtCO2)                            ;3,73;6,31;7,61;6,95;6,72;6,69;6,64;6,38;5,30;5,48
Romania;Services space heating;Total final emissions (MtCO2)                    ;..;..;..;..;..;..;..;..;..;..
Romania;Services space cooling;Total final emissions (MtCO2)                    ;..;..;..;..;..;..;..;..;..;..
Romania;Services lighting;Total final emissions (MtCO2)                         ;..;..;..;..;..;..;..;..;..;..
Serbia;Total Services;Oil and oil products (MtCO2)                              ;0;0;0,25;0,23;0,23;0,21;0,20;0,18;0,17;0,16
Serbia;Total Services;Gas (MtCO2)                                               ;0;0;0,20;0,32;0,37;0,44;0,47;0,44;0,45;0,65
Serbia;Total Services;Coal and coal products (MtCO2)                            ;0;0,36;0,87;0,27;0,28;0,19;0,13;0,15;0,23;0,10
Serbia;Total Services;Biofuels and waste (MtCO2)                                ;0;0;0;0;0;0;0;0;0;0
Serbia;Total Services;Heat (MtCO2)                                              ;0;0,32;0,43;0,53;0,55;0,62;0,54;0,49;0,48;0,52
Serbia;Total Services;Electricity (MtCO2)                                       ;0,33;5,33;4,74;4,95;4,94;5,11;4,81;4,82;4,73;4,51
Serbia;Total Services;Other sources (MtCO2)                                     ;0;0;0;0;0;0;0;0;0;0
Serbia;Total Services;Total final emissions (MtCO2)                             ;0,33;6,01;6,50;6,30;6,37;6,57;6,15;6,09;6,06;5,93
Serbia;Services space heating;Total final emissions (MtCO2)                     ;..;..;..;..;..;..;..;..;..;..
Serbia;Services space cooling;Total final emissions (MtCO2)                     ;..;..;..;..;..;..;..;..;..;..
Serbia;Services lighting;Total final emissions (MtCO2)                          ;..;..;..;..;..;..;..;..;..;..
Slovenia;Total Services;Oil and oil products (MtCO2)                            ;0,77;0,66;0,59;0,23;0,27;0,20;0,23;0,19;0,21;0,15
Slovenia;Total Services;Gas (MtCO2)                                             ;0,04;0,06;0,06;0,12;0,15;0,12;0,06;0,07;0,05;0,05
Slovenia;Total Services;Coal and coal products (MtCO2)                          ;0;0;0;0;0;0;0;0;0;0
Slovenia;Total Services;Biofuels and waste (MtCO2)                              ;0;0;0;0;0;0;0;0;0;0
Slovenia;Total Services;Heat (MtCO2)                                            ;0,32;0,12;0,16;0,18;0,17;0,20;0,23;0,18;0,18;0,21
Slovenia;Total Services;Electricity (MtCO2)                                     ;0,95;1,01;1,37;0,97;1,08;1,09;1,06;1,00;0,92;0,86
Slovenia;Total Services;Other sources (MtCO2)                                   ;0;0;0;0;0;0;0;0;0;0
Slovenia;Total Services;Total final emissions (MtCO2)                           ;2,08;1,85;2,17;1,49;1,67;1,61;1,58;1,44;1,37;1,28
Slovenia;Services space heating;Total final emissions (MtCO2)                   ;..;..;..;..;..;..;..;..;..;..
Slovenia;Services space cooling;Total final emissions (MtCO2)                   ;..;..;..;..;..;..;..;..;..;..
Slovenia;Services lighting;Total final emissions (MtCO2)                        ;..;..;..;..;..;..;..;..;..;..
Chinese Taipei;Total Services;Oil and oil products (MtCO2)                      ;2,31;2,94;3,20;2,96;2,71;2,74;2,33;2,34;2,52;2,53
Chinese Taipei;Total Services;Gas (MtCO2)                                       ;0,42;0,71;1,01;0,97;1,00;1,02;0,98;0,99;0,97;0,92
Chinese Taipei;Total Services;Coal and coal products (MtCO2)                    ;0;0;0;0;0;0;0;0;0;0
Chinese Taipei;Total Services;Biofuels and waste (MtCO2)                        ;0;0;0;0;0;0;0;0;0;0
Chinese Taipei;Total Services;Heat (MtCO2)                                      ;0;0;0;0;0;0;0;0;0;0
Chinese Taipei;Total Services;Electricity (MtCO2)                               ;14,07;18,26;18,21;18,56;18,95;19,56;28,23;27,12;26,10;25,34
Chinese Taipei;Total Services;Other sources (MtCO2)                             ;0;0;0;0;0;0;0;0;0;0
Chinese Taipei;Total Services;Total final emissions (MtCO2)                     ;16,80;21,92;22,42;22,50;22,66;23,32;31,54;30,45;29,59;28,79
Chinese Taipei;Services space heating;Total final emissions (MtCO2)             ;..;..;0,08;0,04;0,04;0,04;0,04;..;..;..
Chinese Taipei;Services space cooling;Total final emissions (MtCO2)             ;..;..;6,01;12,51;12,79;13,38;12,37;11,82;11,51;11,28
Chinese Taipei;Services lighting;Total final emissions (MtCO2)                  ;..;..;3,25;3,68;3,76;3,93;3,64;4,10;4,00;3,92
Uruguay;Total Services;Oil and oil products (MtCO2)                             ;0,15;0,11;0,07;0,06;0,07;0,06;0,06;0,07;0,06;0,06
Uruguay;Total Services;Gas (MtCO2)                                              ;0;0,02;0,04;0,03;0,03;0,03;0,03;0,02;0,02;0,03
Uruguay;Total Services;Coal and coal products (MtCO2)                           ;0;0;0;0;0;0;0;0;0;0
Uruguay;Total Services;Biofuels and waste (MtCO2)                               ;0;0;0;0;0;0;0;0;0;0
Uruguay;Total Services;Heat (MtCO2)                                             ;0;0;0;0;0;0;0;0;0;0
Uruguay;Total Services;Electricity (MtCO2)                                      ;0,12;0,23;0,26;0,19;0,09;0,05;0,09;0,05;0,14;0,38
Uruguay;Total Services;Other sources (MtCO2)                                    ;0;0;0;0;0;0;0;0;0;0
Uruguay;Total Services;Total final emissions (MtCO2)                            ;0,27;0,36;0,37;0,28;0,19;0,13;0,17;0,14;0,21;0,47
Uruguay;Services space heating;Total final emissions (MtCO2)                    ;0,04;0,04;0,04;0,03;0,02;0,02;0,02;..;..;..
Uruguay;Services space cooling;Total final emissions (MtCO2)                    ;0,01;0,02;0,03;0,02;0,01;0,01;0,01;..;..;..
Uruguay;Services lighting;Total final emissions (MtCO2)                         ;0,02;0,04;0,05;0,04;0,02;0,01;0,02;..;..;..
Uzbekistan;Total Services;Oil and oil products (MtCO2)                          ;0;0;0;0;0;0;..;..;..;..
Uzbekistan;Total Services;Gas (MtCO2)                                           ;6,71;6,42;5,65;4,32;3,59;3,49;..;..;..;..
Uzbekistan;Total Services;Coal and coal products (MtCO2)                        ;0;0;0;0;0;0;..;..;..;..
Uzbekistan;Total Services;Biofuels and waste (MtCO2)                            ;0;0;0;0;0;0;..;..;..;..
Uzbekistan;Total Services;Heat (MtCO2)                                          ;0;0;0;0;0;0;..;..;..;..
Uzbekistan;Total Services;Electricity (MtCO2)                                   ;2,34;1,17;1,70;2,77;4,24;3,21;..;..;..;..
Uzbekistan;Total Services;Other sources (MtCO2)                                 ;0;0;0;0;0;0;..;..;..;..
Uzbekistan;Total Services;Total final emissions (MtCO2)                         ;9,05;7,59;7,35;7,09;7,83;6,70;..;..;..;..
Uzbekistan;Services space heating;Total final emissions (MtCO2)                 ;..;..;..;..;..;..;..;..;..;..
Uzbekistan;Services space cooling;Total final emissions (MtCO2)                 ;..;..;..;..;..;..;..;..;..;..
Uzbekistan;Services lighting;Total final emissions (MtCO2)                      ;..;..;..;..;..;..;..;..;..;..
